Make,Model,Year,Engine Size,Mileage,Fuel Type,Transmission,Price
Toyota-,Civic,1996.0,5.0,212102.0,Hybrid,AuTOmATIc,66758.0
Toyota,Corolla,1999.0,3.9,293523.0,Hybrid.,Automatic,9774.0
Ford,Focus_,2010.0,-4.5,288885.0,Diesel,Automatic,42732.0
Honda-,C-Class,2020.0,2.1,216759.0,PETroL,Automatic,45986.0
Honda,C-Class,1997.0,2.3,280277.0,Petrol,Automatic,0.0
Honda,320i,-2004.0,4.6,-249643.0,Electric,Automatic,45244.0
Toyota,Focus,2021.0,3.3,277449.0,Hybrid,Manual,79355.0
Mercedes,Civic ,2016.0,1.7,190564.0,Electric,Automatic.,72759.0
Toyota,Corolla,2012.0,2.2,217440.0,Diesel,Manual,20722.0
Mercedes,Corolla,2022.0,3.7,136821.0,Diesel,Automatic,18389.0
BMW,C-Class,2009.0,4.2,279449.0,Hybrid,Automatic,56889.0
Toyota>,C-Class>,2000.0,4.8,218740.0,Hybrid,MANUal,59765.0
Toyota,Corolla,2023.0,2.5,92501.0,Electric,Manual,31827.0
Toyota,C-ClAss,2009.0,3.4,268796.0,Hybrid,Automatic.,64325.91504990252
Honda ,Corolla,2025.0,2.9,267000.0,Petrol,Automatic,24707.0
Honda,320i>,1998.0,1.8,174357.7031939577,PEtrol,Manual,30221.0
Mercedes,Civic,2010.0,2.3,24092.0,pEtRoL,Automatic,-38752.0
Mercedes,Focus_,2016.0,4.0,113471.0,Diesel,Automatic,0.0
Toyota,320i,2012.0,5.0,43491.0,Petrol,Automatic,71601.0
Mercedes,Focus>,-2002.0,4.7,197676.0,Electric,Manual,74883.0
Honda,Corolla,2002.0,1.7,161469.0,Electric-,Automatic,71545.0
mERcEDeS,Civic,2001.0,3.9,65574.0,Diesel.,Manual,7043.0
BMW-,320i,2000.0,2.9,221223.0,Petrol,Manual,42445.0
Honda ,C-cLAss,2019.0,2.3,205578.0,Hybrid,Automatic,67808.0
BMW,Focus,2025.0,1.7,202103.0,Hybrid ,Manual,47109.0
MErcedEs,Focus,2016.0,0.0,162033.0,Hybrid,Manual,0.0
Ford_,C-Class,2017.0,5.0,200886.0,Electric,Automatic,40240.0
Toyota ,320i,1997.0,1.0,37601.28157404743,Electric,Manual,21956.0
Honda,C-Class,1998.0,3.8,169912.0,Petrol,Manual,9495.0
bmW,Focus_,2008.0,1.8,260444.0,Hybrid,Manual,21038.0
Ford,c-clASs,2017.0,1.4,109177.0,pETRoL,Automatic,50404.0
Ford,Focus-,1995.0,2.8,13410.0,Petrol,Manual>,33757.0
Honda,320i.,2000.0,1.4,118020.0,eLECTrIC,Automatic,54525.0
Honda,Civic>,2024.0,3.5,233347.0,Electric,Automatic,41030.0
Ford,320i,2024.0,3.4,82159.0,Electric,Automatic,50007.0
Toyota.,C-Class,2005.0,1.3,705922.4670954171,Electric,Automatic,8055.0
Toyota,C-Class,2023.0,3.5,78319.0,Hybrid,Manual,20973.0
BMW-,320I,-2007.0,4.5,163320.0,Petrol,Automatic,363005.709415054
Toyota,Civic,9662.695575318843,2.4,0.0,Petrol,Manual,125110.44136485556
Ford-,Focus.,2003.0,1.1,133184.0,Petrol,Manual,33135.0
Ford,C-Class,2002.0,1.8,79614.0,Electric,Automatic,16033.0
Mercedes.,C-Class-,2018.0,2.1,13586.0,Hybrid,Automatic,34285.0
Ford ,320i,2003.0,4.6,480469.76796843944,Hybrid,Automatic,35469.0
Toyota,Focus,2016.0,2.7,235176.0,Petrol_,Automatic,19368.0
BMW,Focus,2010.0,3.9,137602.0,Petrol,Manual-,63784.0
MeRcEDes,C-Class,2025.0,2.5,260210.0,Diesel ,Automatic,49423.0
ToyOTA,Focus ,2023.0,4.1,-214316.0,Hybrid,Automatic,50638.0
BMW,320i,2016.0,4.7,249501.0,Petrol,Automatic,59876.0
Toyota,Civic,1998.0,3.2,248901.0,Electric,Manual,51623.0
Mercedes,Corolla,2016.0,3.6,199808.0,Hybrid,Manual,63152.0
Ford,Civic-,1999.0,8.308952255393866,112317.0,Petrol,Automatic,26222.0
Mercedes,320i,2024.0,10.64577506316843,247902.0,eLECTRIC,Automatic.,10378.0
Ford,Civic,2012.0,1.4,73374.0,Hybrid,Automatic,16444.0
Mercedes,Corolla,2015.0,8.913975561182113,222998.0,electric,Manual,45415.0
Honda,Civic,2018.0,1.7,31920.0,Petrol_,Automatic,40378.0
Toyota,C-Class,6163.563416244506,3.3,133642.0,Petrol,Manual,79394.0
Toyota,320i,1997.0,1.5,81303.0,Hybrid,Automatic,5182.0
Honda,Focus,8023.344616825133,3.1,58102.0,Diesel,Manual,39386.0
Ford,C-Class>,2017.0,3.6,159884.0,Electric,Automatic,35916.0
Toyota.,C-Class,2005.0,2.5,201102.0,Electric,Automatic-,85567.92286746789
Honda,Corolla,2022.0,3.3,32849.0,Diesel,Manual,13151.0
Toyota,Civic,2002.0,4.4,188791.0,Hybrid,Manual,70332.0
BMW,320i,2024.0,3.4,0.0,Diesel,Automatic,-28623.0
Ford,CorOlla,2013.0,4.9,207667.0,Electric,AUtoMATic,41210.0
BmW,Corolla,2019.0,3.9,232217.0,Electric,Manual,34601.0
fORD,Civic,2024.0,3.5,45959.0,Diesel,Manual,59131.0
Honda,320i,2014.0,4.6,159115.0,Electric,Manual>,50825.0
Ford,C-Class,1997.0,1.8,605584.9962090695,Electric-,Automatic,89276.62254420322
Ford>,320i_,2015.0,1.0,273729.0,Petrol,Manual,13082.0
Honda,Corolla,2005.0,1.9,294200.0,Diesel,Automatic,6998.0
Ford>,Corolla,2007.0,1.9,255142.0,Electric,Automatic,22549.0
Toyota_,Focus,2024.0,4.7,26246.0,Petrol.,Automatic,78710.0
Mercedes,Civic,2017.0,3.5,256374.0,Electric,Automatic,65413.0
Honda,Focus,2018.0,1.6,40523.0,Electric,Manual_,0.0
MErcEDes,Corolla,2018.0,2.9,189802.0,Petrol>,Manual,17558.0
Honda,C-Class,2018.0,1.0,178776.0,Hybrid,Automatic,16051.0
Honda,Corolla,2007.0,1.3,106438.0,Petrol,Automatic,44033.0
BmW,320i,2015.0,0.0,167708.0,Hybrid,Manual,4070.0
BMW_,320i,2015.0,1.5,270665.0,Electric,Automatic,55477.0
Ford>,C-Class,-2020.0,16.396346196754553,92003.0,Diesel,Manual,21277.0
Mercedes,c-ClaSS,9013.129730565846,2.7,28907.360888693518,Hybrid,Manual,78617.0
Honda,Focus,2025.0,9.982754446636513,58111.0,Electric,Manual,79906.89309052509
Ford,C-Class,-2022.0,2.2,81514.0,Petrol,Automatic,63302.0
toyoTa,Corolla,2008.0,4.0,299434.0,Electric,Manual,18581.0
Honda,Civic.,2020.0,2.0,146352.0,Electric,Automatic,53095.0
Toyota_,320i,8758.714146544573,2.6,36398.0,Petrol,Automatic,46529.0
Ford,320i,2002.0,4.1,17941.0,Diesel,Manual,10418.0
BMW,coRoLLa,2003.0,3.8,272128.0,Diesel,Automatic,61233.0
Ford,Civic,1998.0,2.4,119658.0,Petrol,Automatic,30000.0
Toyota,C-Class,2004.0,4.4,278201.0,Petrol,Automatic,23197.0
Honda>,Focus ,1997.0,2.3,199650.0,Diesel,Manual,68746.0
Mercedes ,Civic,1998.0,1.3,17656.0,Electric,Automatic,16620.0
ford,Corolla.,1997.0,3.4,240069.0,Hybrid,Manual,177875.41100441996
Honda,C-Class,-2005.0,1.9,216504.0,Electric,Automatic,20514.0
BMW,C-Class,2018.0,6.170925812004236,180133.0,Diesel,Automatic,12928.0
BMW,C-Class,2013.0,3.5,246325.0,Electric,Automatic_,9022.0
BMW_,Civic ,2024.0,2.1,186889.0,Petrol-,Manual,67984.0
Honda,C-Class,0.0,1.6,176203.0,Hybrid,Automatic,66116.0
foRD,CIvic,2018.0,2.7,-154383.0,Petrol,Manual,31961.0
Honda,Corolla ,2025.0,2.8,197920.0,Petrol,Automatic,22397.0
Honda ,Focus ,1998.0,3.8,31694.0,Hybrid,Automatic,22543.0
Mercedes,Civic,2013.0,2.0,276055.0,Diesel>,Manual,14838.0
Mercedes>,Corolla_,2006.0,1.5,224246.33614538115,Petrol,Automatic,79817.0
Ford,civiC,1999.0,4.6,-234846.0,Electric,Automatic,74082.0
Mercedes.,Corolla,2022.0,3.6,260599.0,Hybrid,Automatic,34268.0
BMW,Focus,2005.0,1.7,232230.0,Hybrid,Automatic,54044.0
mErCeDeS,320i,2025.0,4.5,274469.0,Hybrid,Automatic,76344.0
BMW,fOcus,-2007.0,15.837662580512921,23956.0,Petrol,Automatic,11898.0
Ford,320i,2013.0,4.1,292304.0,Electric,Manual,44239.0
Honda,320i-,2018.0,2.4,270262.0,Electric,Automatic,60019.0
Honda,C-Class,1995.0,2.7,102889.60466301804,ELEcTRIC,Manual_,30551.0
Mercedes,Civic>,2004.0,3.5,85389.0,Hybrid,Automatic,62359.0
BMW ,C-Class,1996.0,4.5,-203141.0,Petrol,Manual,59035.0
Toyota,Corolla,2013.0,4.7,178094.0,Diesel,Automatic,65444.0
Toyota,Corolla_,2012.0,1.8,235614.0,Electric,Automatic,16930.0
Toyota-,Corolla ,2001.0,12.268597834682042,589615.1699662723,Hybrid,Manual-,5526.0
HONDa,C-Class,-2022.0,4.7,80472.0,Electric,AutoMatIC,49052.0
HoNDA,Focus,2007.0,5.0,79559.0,Diesel,Manual,19944.0
BMW,C-Class,2008.0,1.8,107935.0,Petrol,Manual,76039.0
Mercedes,C-Class,2005.0,2.4,53858.0,Petrol,Manual,69350.0
Toyota,FoCus,2019.0,1.8,206268.0,Diesel-,AutOMaTIc,61142.0
BMW,Focus,2006.0,3.3,149577.0,Hybrid,Automatic,65874.0
BMW,fOCus,2020.0,2.3,211778.0,Petrol,Manual,2128.0
Mercedes,Civic ,2016.0,4.6,120467.0,Electric>,Manual,59943.0
BMW,C-Class,2024.0,4.7,26963.0,Diesel,MaNUAl,40275.0
Mercedes,Civic,2020.0,3.0,28075.0,Electric,Automatic ,47384.0
Ford,320i,1999.0,1.1,163812.0,Hybrid,auToMAtic,79969.0
Mercedes,320i,2011.0,2.1,11351.0,Diesel,Manual,12613.0
Toyota,C-Class,2016.0,3.6,74699.0,Diesel,Automatic,50910.0
Toyota,Corolla,2014.0,3.6,-106970.0,Diesel,Automatic,27755.0
Mercedes,Focus,2013.0,2.6,224349.0,Electric,Manual,9402.0
Ford,Civic,2002.0,5.0,106535.0,Hybrid,Automatic,35331.0
Ford,320I,1998.0,3.8,223936.0,Petrol,Manual,82571.52773982009
Toyota,C-Class>,2007.0,2.1,84506.0,Electric-,Automatic,145055.83476920193
Ford,corOlLA,1995.0,1.2,228824.0,Petrol,Automatic,8700.0
BMW,C-Class,2012.0,3.3,291814.0,Hybrid,Automatic,3356.0
hoNDa,Corolla ,2022.0,1.1,138770.0,hYBrID,maNuAl,25275.0
BMW,C-Class,2009.0,3.9,115423.0,Hybrid,aUTomATIC,2770.0
Toyota,Focus,2005.0,2.9,5297.0,Diesel,Manual,19161.0
foRd,Focus,1999.0,3.4,39722.0,Petrol-,Manual,51451.0
Mercedes,Corolla,2021.0,2.8,90664.0,Hybrid,Manual,70254.0
Honda,C-Class,2025.0,1.7,24640.0,Hybrid.,Automatic-,33986.0
Mercedes_,Focus_,2004.0,4.0,144202.0,Hybrid,Automatic,75460.0
Toyota,C-Class ,2021.0,16.250156414688085,1053137.6773110293,Electric,Automatic,66797.0
Ford,C-Class,2002.0,3.2,39649.0,Petrol,Manual,74738.0
Mercedes,FOcUs,2010.0,1.4,254896.37289121374,Hybrid,mAnuAL,6484.0
Mercedes,320i,2016.0,2.5,250527.0,Electric,Manual,29924.0
Honda,320i,2009.0,3.5,91824.0,Diesel,Automatic,42590.0
Honda,c-class,1999.0,3.9,263726.0,PetrOl,Automatic,47379.0
Ford,320i,2014.0,3.8,64893.0,Diesel,Automatic,9246.0
Honda-,Civic,2004.0,1.7,-46927.0,Diesel,Manual,24295.0
Mercedes,Focus,1999.0,4.4,245966.0,Hybrid,Manual,79915.0
Mercedes,320i,9067.285628707765,1.3,184692.0,ElECTric,Automatic,43446.0
Toyota,320i,2016.0,4.3,200096.0,Petrol,Automatic,67929.0
Mercedes,C-Class-,2022.0,1.5,250852.0,Petrol,Manual ,54398.0
Ford,Corolla>,2020.0,2.8,140310.0,Petrol,manUAl,61321.0
BMW,320I,2021.0,3.8,297850.0,Petrol,Manual,53983.0
Toyota ,Corolla,2017.0,2.3,292270.0,Electric-,MAnUAl,8190.0
Toyota,Focus,-1996.0,18.212862168543694,178329.0,Diesel,Automatic,33161.0
Ford,Corolla,2014.0,2.1,176197.0,Hybrid-,Automatic>,8229.0
Ford-,320i,-2005.0,4.4,281147.0,Electric,Automatic,37677.0
HonDA,Civic,9014.072727641524,3.6,86578.0,HybrId,Automatic,3115.0
TOyOtA,Civic,2011.0,3.9,-277655.0,Petrol,Manual,28963.0
Honda,Focus>,2017.0,2.3,151257.0,Electric,Manual,37801.0
Mercedes,320i,1998.0,3.7,133606.0,Diesel,Automatic,55488.0
Toyota,Focus,2003.0,10.687607973417146,123593.0,Diesel,Automatic,62193.0
Toyota ,C-Class,2022.0,4.6,16652.0,Diesel,Automatic,47611.0
BMW,C-Class,2017.0,1.7,232474.0,Hybrid,Manual,41006.0
Toyota,Corolla,2013.0,4.9,258438.0,eLECTRic,Automatic,40833.911095600284
Mercedes_,Focus,2010.0,3.9,147705.0,dIESel,Manual,72316.0
Honda,Civic,2015.0,2.5,177047.0,Diesel.,Automatic,21162.0
Honda,Focus,2021.0,4.335391964024677,271776.0,Hybrid,autoMatic,33469.0
BMW,Corolla.,2001.0,3.7,726225.4296717341,Hybrid,Manual,57569.0
Mercedes>,320i,2010.0,8.629411198844027,266553.0,Petrol,Automatic,73002.0
Honda,Focus,2004.0,3.7,217184.0,Petrol,Manual,332795.68617924437
Ford,Corolla,2017.0,1.2,31888.0,Petrol,Automatic,14616.0
Mercedes,C-Class,2025.0,1.8,162465.0,Electric,Manual,7852.0
Mercedes>,Civic,2007.0,4.0,140078.0,Diesel,AuToMaTic,11898.0
BMW,320i,5681.855105419526,1.6,60834.0,dieseL,Automatic,33927.0
Honda,Focus,2020.0,0.0,82579.0,Hybrid,Manual,74018.0
Mercedes_,Focus,2005.0,1.7,295987.0,eLeCtRiC,Automatic,19322.0
Honda,Civic,1999.0,1.2,122244.0,Diesel,Automatic,60511.0
Ford,C-Class,5673.965659652602,3.4,119794.0,Petrol>,Manual,-24612.0
BMW.,FOCuS,2017.0,12.823532128108965,135410.0,Diesel,Automatic,11394.0
Ford ,Civic,2001.0,2.6,248451.0,Electric ,Manual,8352.0
BMW>,Civic,0.0,3.5,85351.0,Petrol,Manual,0.0
Mercedes,320i,2018.0,4.4,56693.0,elECtRic,Manual,-15124.0
BMW,CIVIC,2024.0,4.8,289273.0,Hybrid,Automatic,33940.0
Toyota_,Civic,2020.0,2.2,270207.0,Petrol,Manual,148123.1410363511
Honda.,Civic-,2002.0,3.2,195312.0,Electric,Automatic,38807.0
Honda ,Focus,2017.0,1.5,221344.0,Petrol,AUtoMATiC,51190.0
Toyota,Civic,2018.0,2.9,214636.0,Petrol,Manual,9878.0
Ford.,Civic,1996.0,4.3,224829.0,Hybrid,Automatic,56749.96167219228
Toyota ,Civic,2024.0,1.3,178651.0,Petrol,Automatic,73498.0
Mercedes,civIC,0.0,4.7,161806.0,Petrol,Manual,42698.0
Mercedes,C-Class,2019.0,1.4,47535.0,Petrol,Automatic,22929.0
HonDa,Focus,-2000.0,4.7,132136.0,HYBRid,AUtOMAtIc,21516.0
Mercedes,Civic>,2022.0,1.7,90168.0,Petrol,Manual,0.0
Honda,cORoLLa,2010.0,1.3,257273.0,Diesel,MAnUAl,14915.0
Toyota,Corolla.,2018.0,2.3,39771.0,Electric-,Manual,32804.0
Toyota,coRolla,2007.0,3.5,623074.889370622,Petrol,Manual,72178.0
Toyota,320i-,2004.0,1.1,34833.0,Petrol,Automatic,73683.0
Honda,C-cLasS,2021.0,1.7,233392.0,Hybrid,Manual,24158.0
toyOtA,Corolla,2016.0,1.0,217821.0,Diesel-,Manual,49403.0
Toyota,C-Class,2024.0,3.6,231580.0,Electric,Automatic,32939.0
Ford,cOroLlA,2022.0,2.8,85764.0,Petrol,Manual,24781.0
Toyota-,320i ,2000.0,4.5,222172.0,Petrol,Manual,6132.0
merCEdeS,Focus,1995.0,4.8,253079.0,Hybrid,Manual,74112.0
Honda,C-Class,2012.0,2.2,21040.0,Diesel,Manual,27819.0
Ford,Focus,2007.0,3.7,179999.0,Electric,Automatic,12065.0
BMW,320i,2005.0,4.8,199185.0,Petrol,Manual,52690.0
HondA,C-Class ,2008.0,4.5,0.0,Diesel ,Manual,200232.5887819404
Mercedes,Focus,2016.0,4.0,166484.0,Diesel_,Automatic,17932.0
Honda,320i,2010.0,4.0,128565.0,Petrol,Automatic,55880.0
Mercedes,Civic,2006.0,8.016715628080652,260076.0,Petrol,Manual,31132.0
Mercedes,C-Class,2019.0,2.5,262876.0,Electric,Manual,-56438.0
BMW,FOCuS,2007.0,2.1,212798.0,Petrol,Automatic,3184.0
Honda,320I,2007.0,2.1,117212.0,Electric,Manual,33137.0
BMW,Civic,1997.0,3.3,217503.0,Hybrid,Automatic,72447.0
BMW,C-Class_,2011.0,7.373809629776947,230499.0,petROl,Manual.,76100.0
HONda,Civic,2018.0,0.0,128266.0,Petrol.,Automatic,13266.0
toYotA,Corolla,2004.0,2.1,155191.0,Electric,Automatic,64768.0
Toyota,C-Class,2004.0,1.8,132525.0,Hybrid,Automatic,34182.0
BMW,320i,2017.0,4.9,315124.1339243595,pETroL,Manual,51856.0
Ford,320i,0.0,2.0,181219.0,Hybrid,Automatic,11275.900883479231
BMW,C-Class,2001.0,2.8,88462.0,Hybrid,Automatic,63060.0
BMW ,Corolla>,2017.0,1.4,176517.0,Hybrid,Manual,68883.0
BMW,C-Class ,2022.0,2.4,202576.0,Diesel,Manual,79661.0
Toyota,Focus,2012.0,2.5,48452.0,Diesel,Manual,42141.0
Toyota,320I,2007.0,4.1,57774.0,Electric,Manual,65713.0
Toyota,Civic,1998.0,3.1,48041.0,Electric,Manual,58152.0
BMW,320i,1999.0,4.3,48154.0,Diesel,Manual,239251.27888221244
Ford,cOROlla,2005.0,3.7,9451.0,Electric,Automatic,26141.0
Toyota,C-Class,2019.0,1.7,-83667.0,Hybrid-,Automatic,8051.0
Honda-,320i-,-2020.0,4.8,288309.0,Diesel,Manual,7602.0
Honda,FOCUs,2013.0,3.3,919439.2624756669,hYBRID,Manual-,5032.0
Honda,Corolla,2022.0,1.6,263289.0,HYBRID,Automatic,48345.0
Mercedes>,Corolla,2020.0,3.3,53399.0,Electric,Automatic,18960.0
BMW,CIVIc,1996.0,5.0,84632.0,Petrol,Automatic,12589.0
Honda,320i>,2022.0,2.7,31926.0,Electric,Automatic,35682.0
BMW,c-CLASS,2024.0,3.6,6094.0,Petrol,Manual,15070.0
Honda,Corolla.,2017.0,3.7,252048.0,Diesel,Automatic,36909.696592824184
Ford,Focus.,2004.0,2.2,98099.0,Electric,Manual,64113.0
BMW,Focus,2009.0,2.4,-22136.0,Diesel,Manual,14826.283600578434
Honda,C-Class>,2015.0,4.9,74983.0,Hybrid,aUtoMAtic,61867.0
ToYOTa,Focus,2000.0,3.2,157789.0,Petrol,Automatic,16960.0
BMW,Civic,2013.0,4.0,197291.0,Diesel,Manual_,58846.0
Mercedes,C-Class,-1999.0,2.1,192302.0,Petrol,Manual,33646.0
Toyota,Focus.,2009.0,3.1,50885.0,Petrol,Automatic,0.0
Toyota,Civic,2017.0,1.8,26196.0,HybRid,Automatic,75482.0
Mercedes,fOcUS,2010.0,1.9,91623.0,Hybrid,Manual,49865.0
Toyota,320i,2004.0,2.0,167407.0,Petrol,Automatic,5615.0
Toyota>,C-Class,2023.0,4.7,178089.0,Diesel-,Manual,71878.0
Honda,Focus,1999.0,3.1,200130.60201595008,Hybrid,Automatic,44027.0
Honda,foCUS,0.0,3.5,25416.0,Electric,Manual,15657.0
BMW,Civic.,2001.0,2.9,48172.0,Diesel,Manual,25632.0
BMW ,320i,2020.0,2.9,25716.0,Diesel,MAnuAl,30402.0
BMW,320i-,2018.0,2.3,5111.0,Petrol,Manual,62132.0
Honda-,CIviC,2001.0,3.3,105793.0,Electric,Automatic,2841.0
BMW_,320i,2018.0,-3.6,94094.0,Hybrid,Manual,71348.0
Toyota,Focus,2015.0,4.6,209925.0,dIEsEL,Automatic,50668.0
Honda,Focus.,1995.0,2.3,262089.0,Hybrid,Automatic,12607.0
BMW>,320i,2006.0,1.4,61381.0,Electric,MaNUaL,16434.0
Toyota,Focus,2018.0,2.4,145158.0,Hybrid.,Automatic,78564.0
BMW-,320i ,2022.0,4.6,157792.0,Diesel.,auTOMAtIc,12551.0
Ford ,Civic,2013.0,1.6,1350671.3443591068,Hybrid,Automatic,36711.0
Bmw,C-Class-,1998.0,2.9,42582.0,Diesel,Manual,41837.0
Ford,CIViC,2016.0,2.3,154131.0,Electric,Manual,49422.0
BMW,C-Class,-2020.0,4.6,77674.0,Petrol,Automatic,36018.0
Mercedes,Civic,2022.0,1.7,39048.0,Electric,Manual,49627.0
BMW,Corolla,1999.0,2.4,247397.0,Hybrid,Manual,57091.0
hoNDa,Focus,2007.0,1.7,141305.0,Electric,Automatic,63946.0
Honda>,Civic,2025.0,3.2,87519.0,Petrol,Automatic,20581.0
Ford,C-Class,2008.0,4.0,274951.0,ELECTRic,Manual,53829.0
Honda,320i,2016.0,2.8,55394.0,Electric,Manual,208521.48746395268
Toyota,320i,2021.0,3.5,265264.0,Diesel,Automatic,46358.0
Mercedes,Civic,2000.0,3.4,122331.0,Diesel,Manual,53050.0
Mercedes,Civic,6783.794050454063,3.8,153738.0,hYBrId,Manual,17058.0
tOyotA,Civic,1996.0,3.9,21794.0,HyBrID,Automatic,26387.0
Ford,320i,1998.0,-2.9,211251.0,Diesel,Manual,61443.0
Toyota,Corolla,2006.0,2.0,182554.0,Hybrid,Manual,58070.0
Toyota,Civic,2010.0,3.9,90357.0,Diesel ,Automatic,67341.0
Mercedes,320i,2000.0,3.4,252810.0,Hybrid ,Manual,12256.0
BMW,320i,2025.0,0.0,242244.0,Diesel,Manual.,32975.0
mERCEdes,Civic,1996.0,2.6,193089.0,Electric,Automatic-,59565.0
Mercedes,C-Class,8873.793420036018,1.2,271797.0,Hybrid,Automatic,60477.0
Honda,C-Class,0.0,4.7,760684.5069789815,Electric,Manual,67009.57184727599
Toyota-,Focus,2015.0,1.9,707742.049500304,Diesel,Automatic,67670.0
Mercedes,320i,2005.0,4.7,215288.0,Petrol,Manual,67598.0
Toyota,Focus,2013.0,4.7,224136.0,Hybrid,Manual,56430.0
Honda,fOCuS,2008.0,1.4,128273.0,Hybrid,Manual,20529.0
Toyota,C-Class-,1999.0,2.7,167175.0,Petrol,Manual,57791.0
Mercedes,C-Class,2015.0,2.1,176237.0,Electric,Manual,151382.6754724567
Toyota,Corolla,2018.0,3.3,115387.0,Electric,Automatic,78631.0
Honda>,320I,2007.0,3.4,131186.0,Hybrid,Manual,48448.0
BMW,Corolla_,2002.0,1.7,246847.0,Petrol,Automatic.,54532.0
Toyota,Civic,1996.0,1.7,82972.0,eLEctRIC,Manual,15965.0
Mercedes,Corolla,1998.0,2.2,86379.0,Hybrid,Manual ,19625.0
Honda,Civic,2002.0,3.4,24292.0,Electric,Automatic,54654.0
Mercedes>,Focus,2007.0,3.8,46656.0,Hybrid,Manual,52027.0
Mercedes,320i-,2010.0,3.1,35800.0,Hybrid,Automatic,279137.01412309613
Toyota,Corolla,2004.0,4.8,66718.0,Petrol,Automatic>,73290.0
Mercedes,320I,2017.0,3.3,82426.0,HyBrId,Automatic,30673.0
Toyota,FoCus,2014.0,1.6,61452.0,Electric,Manual,5310.0
BMW,FocUs,2025.0,3.7,240363.0,Diesel,ManUal,50792.0
Mercedes,Focus,0.0,4.2,71117.0,Diesel,aUtOmatIc,49638.0
Mercedes,FocUs,2015.0,1.2,83290.0,DieSEL,Manual,66804.0
Mercedes,C-Class.,2018.0,1.4,43504.0,Petrol,Automatic,29193.0
Ford-,C-Class,2007.0,9.138664731005521,411332.20403864625,Petrol,Manual,62131.0
Ford,Focus_,2019.0,1.6,179445.0,Hybrid,Automatic,14903.0
Honda,FOCuS,2017.0,2.4,0.0,Hybrid,Automatic,27637.0
Ford,Corolla,2020.0,2.6,130438.0,Petrol,Manual,73364.0
Honda,320i,2016.0,2.8,257495.0,Petrol,Manual,70780.0
Ford,Corolla,2016.0,3.6,233240.0,Electric,Automatic,64629.0
BMW,Focus-,1997.0,1.8,219895.0,hYbriD,Manual,39551.0
Honda,C-Class-,2019.0,1.7,69287.0,Petrol,Automatic,8099.0
forD,Civic,2009.0,2.2,1264338.7747988028,Petrol,Manual,23741.0
BMW-,C-Class,9558.35220207796,1.7,163621.0,Diesel,Automatic ,20322.0
foRD,c-clAss,-2021.0,4.4,114980.0,Petrol,Manual,0.0
TOYOta,C-Class_,2015.0,2.7,253107.0,Petrol,Manual,39839.0
Toyota,Civic,2007.0,3.9,22739.0,Petrol,Automatic,51909.0
Bmw,Focus,2003.0,1.6,195950.0,Electric,Automatic,11023.0
Mercedes,Focus,2015.0,3.2,87067.0,Electric,Automatic,41574.0
Mercedes.,Focus,2015.0,4.1,209888.0,Petrol,Manual,40944.0
Toyota,C-Class_,2009.0,1.0,105395.0,Petrol>,Manual,53246.0
Toyota-,320i,2006.0,1.6,185924.0,Diesel,Manual-,51972.0
Mercedes,320i,1995.0,1.4,39632.0,Hybrid,Manual,25056.0
Honda,Corolla,1998.0,3.2,30644.0,hyBRid,Manual,66780.0
Mercedes,320i,1998.0,2.6,21451.0,Electric,Manual,57608.0
Ford,C-Class,1997.0,-1.8,137215.0,Electric,Manual,28842.0
Honda,Focus,1998.0,0.0,209241.0,Petrol,Automatic,30627.0
Ford,320i ,2010.0,2.5,102812.0,Diesel,Manual,2111.0
Toyota.,Civic,2015.0,2.9,265894.0,Diesel-,Manual,40909.0
Honda,Civic,2016.0,2.0,248009.0,Petrol,autOmatIC,16476.0
Ford,Focus,2024.0,4.7,213399.0,Electric,Manual.,11387.0
Ford,320i,2011.0,2.6,174648.0,Hybrid,Automatic.,61910.0
honDa,C-Class,2002.0,-2.3,240726.0,Diesel,Automatic,56538.0
BMW,C-Class,8224.841844356655,4.7,74679.0,Hybrid,aUToMAtIC,14682.0
Mercedes,320i>,2013.0,2.6,176394.0,Hybrid-,Manual,41084.0
Ford,Corolla,2013.0,2.3,226432.0,Petrol,Automatic,24821.0
mErcedEs,Corolla,2013.0,2.1,170039.0,Diesel,Automatic_,15404.0
MerCedEs,Civic,2010.0,0.0,101449.0,Petrol,mAnUAl,51098.0
Toyota ,focUs,2003.0,4.5,8900.0,Petrol,Automatic,26322.0
Mercedes,Civic,2017.0,9.25195132738248,91077.0,Diesel,Automatic,40734.0
Ford,Focus,2018.0,3.1,136386.0,Diesel,aUTOmATIC,69024.0
Toyota,Focus-,1998.0,2.4,222999.0,Electric,Manual,31722.0
Honda,Focus-,2020.0,3.7,53872.0,Hybrid,Manual,16771.0
Ford,Focus,2013.0,11.88254046515859,260272.0,Hybrid,Manual,54007.0
Toyota,C-Class,2000.0,1.1,0.0,peTRoL,Manual,71712.0
Toyota,320I,2007.0,4.5,82682.0,Petrol_,Automatic,57246.0
Mercedes,Focus,2010.0,1.7,27033.0,Diesel,Manual,29159.0
Honda,320i,2015.0,1.9,78579.0,Electric,Automatic_,56481.0
Ford,FOcus,2017.0,2.4,130841.0,PetrOL,Manual,36331.0
Ford,C-Class,2008.0,3.0,273846.0,Petrol,AutOMAtiC,64809.0
Mercedes.,C-Class,2004.0,1.0,264710.0,Hybrid,MaNUaL,5566.0
Honda,320i,-2013.0,3.4,150679.0,Petrol,AUtoMATIC,34801.0
Ford,320i,1999.0,2.6,111040.0,Hybrid,Manual,52895.0
Honda,Civic,1998.0,1.3,99640.0,Diesel,Manual,43050.0
Ford,Civic,2005.0,1.9,224084.0,Diesel,Manual,51428.0
Mercedes.,COROLlA,1997.0,3.0,25158.0,Hybrid,MAnUaL,72601.0
BMW,Civic,2017.0,1.2,9836.0,Hybrid,Automatic,76105.0
Ford-,Civic,2024.0,2.2,194125.0,Electric,Automatic,52790.0
Toyota,Focus,2022.0,1.4,184811.0,Hybrid,Manual,79746.0
Toyota,CorOLLA,2020.0,2.5,200571.0,Petrol,Manual,68914.0
BMW,Civic,2012.0,1.7,0.0,Electric,Manual,65312.0
Ford,Civic,0.0,1.6,25293.722297886823,Hybrid,Automatic,4863.0
Toyota,320I,2007.0,2.2,59839.0,Petrol,Automatic,30370.0
Toyota,Corolla,-2021.0,3.7,258125.0,Electric_,automATic,51467.0
Ford.,cOROlla,2017.0,2.9,267708.0,Petrol.,Manual,74247.0
Honda,Corolla,1995.0,2.0,110755.0,Electric,Manual,75234.0
Ford,320i,4848.299987891179,4.8,115657.0,diesEl,Automatic,32320.0
Honda,C-Class,2012.0,1.7,82492.0,Diesel,Automatic,2391.0
BMW,Corolla-,2021.0,2.6,-179335.0,Electric>,Manual,5710.0
meRcEDEs,Corolla,2012.0,3.1,269755.0,Petrol,Manual,38477.0
BMW,320i,2020.0,1.4,148364.0,Hybrid,Automatic,72947.0
Mercedes>,C-Class,2020.0,4.2,283328.0,Hybrid,Manual,30821.0
Toyota,Corolla,2011.0,2.4,209834.0,Petrol ,Automatic,0.0
Toyota,Corolla,2010.0,3.9,282209.0,Diesel,Automatic,31863.0
Toyota,Focus,1997.0,-3.6,108107.0,Petrol,Manual,54633.0
HOnda,C-Class,2011.0,2.6,233032.0,Petrol,Automatic,31755.0
Mercedes,Civic,2021.0,-4.2,25670.0,PETrol,Manual,12322.0
Toyota,Corolla,2013.0,1.6,243526.0,Electric,Automatic,47156.0
Ford,320i.,2012.0,1.5,291850.0,Hybrid,Automatic-,77583.0
Mercedes,foCus,2017.0,3.0,157144.0,Diesel-,Manual,25740.0
Mercedes,Civic,2021.0,3.7,287482.0,Hybrid,Automatic.,21001.0
Honda,Civic,2020.0,1.0,244304.0,Petrol,Automatic,79838.0
BMW,Focus,2015.0,3.6,28337.0,Diesel,Manual,16891.0
Honda,320i,1998.0,3.7,154152.0,Petrol,Automatic,23976.0
Toyota,Civic,2019.0,2.7,179381.0,Petrol,Automatic,65249.0
Ford>,cIviC,2019.0,1.2,14392.0,Hybrid,Automatic,9556.0
Ford,C-Class,2001.0,2.7,218561.0,Hybrid,Manual,52240.0
Toyota>,Civic,2025.0,4.0,37924.0,Diesel,Manual,45231.0
ForD,Corolla,2016.0,1.5,253783.0,Petrol,Automatic,31236.0
hONDA,Corolla,2023.0,4.2,223756.0,Diesel,Automatic,38721.0
Honda,Focus,1998.0,4.6,248030.0,Electric-,Manual,10442.0
Toyota,fOcUs,2000.0,3.0,126081.0,Petrol,Manual,7725.0
Ford,320i,2022.0,4.1,170244.0,HYBrID,Automatic,36632.0
Mercedes-,320i,2014.0,3.8,121863.0,Petrol,Automatic,8537.0
BMW,C-Class>,-2017.0,4.4,240547.0,Petrol,Automatic,51429.0
Mercedes,focUS,2000.0,4.9,0.0,Hybrid,Manual,0.0
Honda,C-Class,1995.0,1.4,162434.0,Petrol,Automatic,0.0
Honda,320i,2012.0,1.7,25295.0,Diesel ,Automatic,14345.0
Honda,Civic,2009.0,2.7,0.0,Hybrid,Automatic,12742.0
Honda,C-Class ,2020.0,4.0,138243.0,Diesel,Automatic.,169427.29114485637
BMW,Civic,2005.0,4.5,211995.0,Hybrid,Manual,61200.0
Toyota,C-Class.,1998.0,1.3,0.0,Hybrid,Manual>,24326.0
Honda,C-Class,1996.0,1.0,7246.0,dIeSeL,Manual,68275.78191384538
Ford,320i,1999.0,4.8,283262.0,Hybrid,Manual,69313.0
bmW,C-Class,2013.0,3.8,125177.0,Hybrid,Automatic,22562.0
Honda,320i,0.0,2.0,26256.0,Diesel,Manual,38800.0
foRD,C-Class,2015.0,3.1,432343.0092833797,PEtROl,Automatic,64890.0
Honda,C-Class,2000.0,3.5,240536.0,Hybrid,Automatic,18263.0
Toyota,Focus,1997.0,4.5,588367.1118535436,Electric,AutOMaTiC,69973.0
BMW,Focus,2012.0,2.7,213131.0,Petrol,Automatic>,27241.0
Toyota,320i,2003.0,0.0,6179.0,Petrol,AUTomaTIc,4676.0
BMW,C-Class,2022.0,1.2,230449.0,Petrol,ManUal,13469.0
honDa,Civic,2019.0,4.5,30041.0,Electric,Manual,72316.0
Honda,Corolla,1996.0,2.8,44901.0,Electric,Automatic,16970.0
BMW,320i,1997.0,1.2,148463.0,Petrol,Automatic>,60503.0
Ford,Focus ,-1998.0,3.4,285629.0,Petrol,Automatic.,78465.0
Ford,Focus,2011.0,2.5,291547.0,Electric,Manual,54491.0
Honda,320i-,2004.0,2.7,1090541.1619071658,Electric,Manual,9002.0
HONDa,Focus,2006.0,3.7,13568.0,Petrol,Manual,64974.0
Toyota ,Civic,2025.0,4.1,268062.0,Petrol,Automatic,45865.0
Honda,Focus,2012.0,1.1,165539.0,Electric,Manual,60746.0
BMW ,Corolla,2000.0,2.1,97483.72177013449,Electric>,Automatic,70920.0
Ford,Corolla,2008.0,2.2,265380.0,Electric,Manual,70241.0
fORD,C-Class,2025.0,2.7,116890.0,HYBrID,mANuAL,35035.0
Toyota_,Civic,2016.0,2.8,285016.0,Petrol,Automatic,77569.0
Ford,Focus,-1995.0,2.2,294595.0,Diesel,Manual,64529.0
Ford,Focus.,2002.0,1.1,155762.0,Electric,Manual,39337.0
MERcedeS,320i_,2004.0,1.4,65750.0,Hybrid_,Automatic,78236.0
bmW,C-Class,1996.0,3.9,128120.0,diEsEl,AUtoMatiC,60824.0
meRCeDEs,Corolla,2025.0,3.1,208961.0,Diesel,Automatic,9455.0
Ford,320i ,2025.0,2.6,298996.0,Diesel,Manual,43382.0
Toyota,320i,8174.1594602222285,1.7,177274.0,Hybrid,Automatic,23132.0
Toyota,Focus ,2023.0,3.1,97923.0,Hybrid,Automatic,19671.0
Ford,Corolla-,-2020.0,1.5,290770.0,Hybrid,Manual.,15953.0
HOnda,320i ,2004.0,1.6,109992.0,Diesel,Manual,66268.0
Mercedes,Focus-,2016.0,3.0,12450.0,Petrol,Automatic>,18284.0
Ford,C-Class,2012.0,4.6,230181.0,Petrol,Automatic,16467.0
Toyota.,Civic,2009.0,2.4,46773.0,Electric,Manual,38589.0
Toyota,Corolla>,1999.0,2.8,177372.0,ElecTric,Manual,73602.0
Mercedes,C-Class>,2013.0,3.5,133763.0,Electric,Manual,55637.0
BMW ,Focus,2010.0,4.7,256587.0,Electric,Automatic-,46007.0
fORD,Civic,2017.0,4.6,15847.0,Diesel,Automatic,56723.0
Ford,320i,2005.0,4.7,57145.0,Hybrid>,Automatic,48654.0
BMW,C-Class,2011.0,4.3,73093.0,Hybrid,Automatic,69735.0
Mercedes-,320i,2024.0,3.3,140367.0,Petrol,Automatic.,14441.0
MErceDES,320i,2006.0,5.504097368792217,93616.0,Diesel,Automatic,74468.0
Toyota,cIvIc,2014.0,2.3,158258.0,Diesel,Manual ,72062.0
BMW,Civic ,2012.0,1.2,139790.0,Hybrid,Automatic,15370.0
Mercedes,320i,2011.0,3.4,222881.0,Petrol,Automatic,3233.0
hoNDA,320i,2001.0,3.9,395829.9314110139,Petrol,Manual,58710.0
forD,cIVic,2017.0,4.2,228582.0,Electric,Automatic,12088.0
Toyota,Focus,5291.515995771389,1.4,112003.0,Diesel,Manual,66555.0
BMW,Corolla_,2016.0,3.1,90934.0,Electric.,Manual,29690.0
Toyota,320i,2021.0,3.9,194493.0,Hybrid,AuTOMatiC,43075.0
Mercedes.,Civic,1996.0,2.4,56172.0,Hybrid,Manual,55265.0
Mercedes,C-Class,2002.0,3.5,156403.0,Diesel,Manual,33883.0
Honda,C-Class,1996.0,2.2,0.0,Electric,Automatic,14414.0
Ford,Focus,2001.0,2.6,289331.0,Diesel,Manual,55468.0
BMW,FocUS,1999.0,1.7,292666.0,Hybrid,Manual,28229.0
Toyota,C-Class,2004.0,4.0,40960.0,Petrol,Automatic,14336.0
Ford,Focus,2022.0,3.9,44964.0,Electric,Manual,24041.0
Mercedes,320i,2021.0,4.0,86562.0,Hybrid,Manual,62423.0
Ford,Civic,2001.0,1.3,68669.0,Diesel,Manual,50040.0
Toyota-,Corolla,2025.0,4.6,6744.0,Petrol,Manual,48189.0
Ford,Civic,1999.0,19.915386013837633,130593.0,Diesel,Manual,60803.0
Mercedes,Civic,2014.0,4.2,39593.0,Diesel,Automatic.,25331.0
Ford,Focus_,2012.0,3.3,146584.0,Diesel,Manual,56318.0
BMW,Corolla,7975.298679969497,5.0,98832.0,diesEL,Manual_,15547.0
Ford,320i,2013.0,3.5,64438.0,HybRId,Manual,56860.0
bmW,C-Class,2006.0,3.2,241606.0,Hybrid,ManuaL,41988.0
Ford,320i,2003.0,4.2,181962.0,Petrol,Automatic,55807.0
Mercedes,Focus,1999.0,3.8,68669.0,Petrol,Automatic,30563.0
Honda,C-Class,2018.0,1.2,267386.0,PetroL,Manual,65963.0
Honda,320i,2014.0,3.3,285280.0,Petrol,Automatic_,75472.0
BMW,Civic,2008.0,1.9,248949.0,Petrol,Automatic,68468.0
BMW,Focus-,1997.0,4.7,272795.0,eLECTRIc,Manual,11310.0
Honda,Corolla,2012.0,2.1,69014.0,Petrol,Manual,30290.773545632208
Mercedes,Civic,2003.0,3.8,257309.0,Hybrid,Automatic,77229.0
Mercedes_,Corolla,2003.0,0.0,150909.0,Diesel,Manual>,29690.0
forD,C-Class>,2007.0,3.0,48656.0,Petrol,Manual,70885.0
BmW,Corolla_,5639.047488855923,1.2,191782.0,Electric,Automatic,79329.0
Mercedes,Civic,2023.0,2.6,53250.0,hYBRId,Manual,78121.0
Toyota,Corolla,2000.0,0.0,190199.0,Diesel,Manual,78709.0
Ford,Focus,2007.0,2.1,97483.0,peTRoL,Automatic.,9019.0
Ford,Focus,2009.0,1.0,208361.0,Diesel,Manual,53375.0
Honda,Civic,1997.0,1.8,104247.0,Petrol,MANuaL,-71520.0
BMW,320i_,2025.0,0.0,290896.0,Petrol,Manual,23848.0
MeRCedes,Corolla,2003.0,3.6,136216.0,Electric,Automatic,8207.0
Mercedes,CIvIC,2016.0,-2.1,14556.0,Electric,Automatic,16919.0
ForD,Corolla,2008.0,8.7976373678222,50311.0,eLECTRIC,Manual,29155.0
BMW,Civic,2025.0,4.2,38257.0,Diesel,Automatic,3699.0
BMW,Corolla>,2017.0,0.0,90087.0,Diesel,Manual,67482.0
BMW,320i_,1999.0,1.4,-81447.0,Petrol,Manual,12074.0
Honda,Civic.,2012.0,1.9,184359.0,Hybrid,Automatic,57839.0
Mercedes,FOcus,2001.0,3.8,89064.0,Hybrid,Automatic,0.0
bmW,320i,0.0,1.9,278723.0,eLEcTRIc,AUtoMaTiC,47620.0
Honda,FOcus,9920.071812904369,3.4,285394.0,Hybrid,aUTOMaTIC,26710.0
Toyota-,320i,2018.0,3.9,106801.0,Electric,MaNual,114171.12498124994
Ford,focuS,6122.031163163297,3.4,255971.0,Hybrid,Manual,17062.0
Mercedes ,320i,9308.606063546245,2.8,189225.0,Diesel,Automatic,52989.0
Mercedes,Corolla,4139.2318616847015,2.7,20618.0,peTroL,Manual,31072.0
Ford,Focus.,2015.0,3.4,183352.0,Diesel,aUTomATiC,27489.0
TOYotA,Corolla,2001.0,3.2,209093.0,Electric,Manual,57258.0
Honda-,Civic.,2017.0,2.9,231702.0,Hybrid,mAnuAL,17798.0
Ford,coRollA,2006.0,3.2,59300.0,Diesel,Manual,33729.0
Honda,Focus-,2013.0,2.4,273655.0,Electric,Manual ,0.0
Honda,320i,2016.0,-2.3,216004.0,Petrol,Automatic,63630.0
Honda,Corolla,2015.0,4.3,116337.0,Diesel,MANuAl,71059.0
TOyOTa,C-Class,2021.0,1.6,92830.0,Diesel-,Manual,45178.0
Toyota,320i,2011.0,4.4,104690.0,Electric,Automatic,37095.0
Honda>,Civic,2014.0,3.0,258452.0,Diesel-,Automatic,77811.0
BMW,Civic,2000.0,3.1,40075.0,Petrol,AutomatIC,6801.0
Mercedes,Focus-,2008.0,1.7,123882.0,diEsEL,Manual,7951.0
Toyota,320i_,2021.0,2.6,264194.0,Electric,Automatic,42694.0
BMW,Corolla,1999.0,2.6,297268.0,HYbriD,Automatic,9377.0
BMW,Corolla,2005.0,3.6,245046.0,Hybrid,Manual,33807.0
Mercedes,Civic-,7540.160283077771,3.3,208043.0,Diesel,Manual,64419.0
hoNdA,320i,2008.0,1.3,173932.0,Petrol,Automatic,0.0
BMW_,320I,2007.0,2.9,198394.0,Hybrid,Automatic,48826.0
BMW,Civic.,1995.0,4.9,109392.0,Electric ,Manual,40778.0
BMW,coroLLA,2025.0,1.3,27001.0,Electric,Manual,50702.0
Honda>,cIViC,2014.0,4.0,24073.0,Petrol,Manual,69618.0
Honda ,320i,2002.0,3.1,242454.0,Diesel,Automatic,45634.0
Toyota,Corolla,1997.0,2.2,103608.0,Petrol,Automatic,67997.0
Toyota,C-Class,2003.0,4.0,6951.0,ELeCTrIc,Manual,31479.0
BMW,Civic.,1998.0,2.8,191343.0,Petrol,Manual,192951.73112769035
Honda,320i,2012.0,2.9,13976.0,Petrol,Automatic,57194.0
Honda_,320i,1998.0,1.6,200316.0,Hybrid,Automatic_,32725.0
Mercedes,Focus_,2016.0,3.3,182589.0,dieSEl,Automatic,78807.0
BMW,Focus,2012.0,3.5,222859.0,Diesel,Manual,73848.0
Toyota,CiVic,2008.0,3.3,8899.0,Petrol,Automatic,18208.0
Mercedes,Corolla_,1997.0,2.7,170239.0,Diesel ,Automatic,22073.0
Honda,c-CLAss,-2005.0,4.1,247997.0,Diesel,Automatic,65154.0
Toyota.,c-cLaSs,2015.0,4.0,49682.0,Electric,Manual,0.0
BMW,Corolla,1997.0,2.1,75296.0,Diesel,Automatic,30551.0
Honda,Focus,2006.0,0.0,55319.0,Petrol,Manual,22201.0
bmw,320i,2024.0,5.0,277899.0,Diesel,Automatic,21070.0
Mercedes>,Focus,-2005.0,2.5,299341.0,Petrol,Manual,44225.0
Mercedes,Civic,2019.0,3.2,66076.0,Hybrid,Automatic,46829.0
Mercedes,Focus,2003.0,2.5,76182.0,Petrol,Automatic,-15872.0
Ford.,Corolla,0.0,4.8,253213.0,Electric,Automatic,59402.0
BMW,Civic,5569.195386137084,1.5,264179.0,Petrol,Manual-,37694.0
Mercedes.,Corolla,2020.0,2.6,295238.0,Hybrid,Manual,11140.0
Mercedes ,Civic,2002.0,1.8,294199.0,Petrol,Automatic,26150.0
BMW,320I,2003.0,1.4,183626.0,Electric,Manual,44293.0
Mercedes,Focus>,1995.0,2.2,67785.0,Petrol_,Manual,75092.0
BMW,Corolla,1998.0,4.5,22028.0,Petrol,Manual,10751.0
hONDa,Civic,2007.0,4.1,171234.0,Electric,aUtoMAtIc,35300.0
BMW,FOCUs,2002.0,4.9,133994.0,Diesel_,Automatic-,66688.0
BMW,C-Class,2007.0,4.9,168608.0,Hybrid,Automatic,57177.0
Ford,Corolla,2025.0,3.2,286585.0,Hybrid,Manual,53555.007850751674
Honda,320i,1998.0,2.4,228158.0,Petrol,Manual,15932.0
Ford,Civic,2020.0,1.9,158853.0,Hybrid,MaNUAl,25880.0
Mercedes,Corolla,2024.0,4.6,25415.0,Electric,Automatic,26624.0
BMW,Corolla,1998.0,2.1,60875.0,Electric,Automatic>,55191.0
Honda,C-Class-,2000.0,4.1,33790.0,Diesel,Automatic,6891.0
foRd,320i,2011.0,3.5,162393.0,PETrOl,Manual,17927.0
BMW,C-Class,2018.0,3.7,76785.0,Electric,Manual,73041.0
Toyota,Civic,2023.0,3.7,140413.0,Petrol,Manual,53795.0
Ford,Focus,2004.0,3.5,204009.0,Petrol,Automatic,32575.0
HONDa,COROlLa,2013.0,3.5,85235.0,Hybrid,Automatic,76900.0
Ford,Civic_,2021.0,3.0,-152150.0,Diesel,Manual>,36225.0
Ford,Civic,2020.0,3.1,183227.0,Electric,Manual,48924.0
Ford,320i,2010.0,1.9,221022.0,DIESel,Automatic,101774.26131550879
mErCeDEs,Corolla,1998.0,0.0,44005.0,pETRol,Manual,14801.0
toYoTA,C-Class,2011.0,4.0,283377.0,Electric>,Manual,29251.0
Honda,Focus,-2006.0,0.0,195728.0,Diesel,manUAL,74726.0
hONda,Corolla,2017.0,4.7,44380.0,Electric,Manual,34989.0
Honda,Corolla,2013.0,1.6,266245.0,Diesel,Automatic,43725.0
BMW_,FOCUS,2022.0,4.5,166682.0,Hybrid,Manual,32638.0
Honda,Civic-,2004.0,2.6,162192.0,Hybrid,Manual,-14296.0
HOnDa,c-CLAss,2012.0,1.0,218317.0,Hybrid,auTOmATic,43150.0
Toyota,Corolla,2003.0,4.3,16918.0,Petrol,Manual,53067.0
BMw,Civic,2014.0,4.1,18708.0,Petrol,ManUAl,30524.0
BMw,320i.,0.0,3.6,154503.0,Diesel,Automatic,8910.0
Ford,Civic,2023.0,3.7,176837.0,Diesel,Manual,33766.0
Mercedes,Focus,1996.0,1.4,101875.0,EleCTrIc,Manual,3137.0
BMW,C-Class,2000.0,3.3,53798.0,Diesel,Automatic,63642.0
BMW,Focus,2005.0,2.7,77050.0,Petrol.,Manual,158387.5160112872
tOYOTa,320i,2025.0,2.7,280227.0,Petrol,Automatic,70329.0
Honda,civiC,2019.0,1.8,57493.0,Diesel,Automatic,46259.0
BMW,Corolla,2007.0,1.1,751515.6871408378,Diesel.,Automatic,8047.0
BMW,320i,2000.0,1.9,-64440.0,Hybrid,Automatic,78958.0
merCEdEs,Focus_,2006.0,3.4,54889.0,Diesel,Automatic,58183.0
Toyota,cIvic,2020.0,9.330076647944786,143516.0,Diesel,MANuaL,42088.0
Mercedes.,Focus,2018.0,1.3,179999.0,Diesel,Automatic ,49495.0
BmW,Corolla,2016.0,3.3,171887.0,Diesel_,AUTOMatIc,77929.0
BMW,320i,2025.0,2.6,-69868.0,Petrol,Automatic,72566.0
Toyota,320i,2020.0,1.1,100744.0,Hybrid.,Manual,62924.0
Ford>,C-Class,2012.0,3.4,116311.0,Petrol,Automatic,19774.0
Ford,Focus,2012.0,1.7,46334.0,Hybrid,Automatic,38381.0
Bmw,C-Class,2014.0,3.5,126382.0,Hybrid>,Manual,6208.0
BMW ,320i,0.0,3.7,30731.0,Electric,Manual,75715.0
MeRcEDES,Civic,2022.0,4.8,149973.0,Hybrid,Automatic,25047.0
merCEDeS,C-Class,2007.0,1.1,168309.0,Diesel,Manual,16104.0
Mercedes,Civic,2010.0,3.4,293467.0,Diesel-,Manual,62411.0
Honda,C-Class,2013.0,4.2,288800.0,Petrol,Automatic,65367.0
BmW,Focus,1999.0,2.6,0.0,Petrol,Automatic,26665.0
Honda-,Focus,2003.0,3.0,292800.0,Electric,Automatic,45073.0
Ford-,320i,4837.991816282439,1.8,291295.0,Hybrid,Manual,14182.0
BMW,FoCuS,2016.0,4.7,160821.0,Diesel_,Manual,56858.0
bmW,c-claSS,2011.0,2.8,294599.0,Petrol,Automatic,54489.0
Toyota.,C-Class,2017.0,3.9,160999.0,Diesel,Manual,68613.0
BMW,Civic,1999.0,2.0,57657.0,Petrol,Automatic,10437.0
Ford,COROllA,2016.0,2.9,216628.0,DieSEl,Manual,10721.0
Bmw,C-claSs,1999.0,3.9,26358.0,Petrol,Automatic-,29026.0
Honda,Civic,1999.0,0.0,168521.0,Diesel.,Manual,30284.0
Bmw,320i,2007.0,1.5,225290.0,Petrol,Manual,63665.0
Honda,Focus,2013.0,1.3,123147.72611515236,Hybrid,Automatic,116944.37438422529
Mercedes,Focus,2018.0,1.1,179727.0,Diesel,Manual,58202.0
Mercedes,C-Class,0.0,3.3,146058.0,Diesel,Automatic_,61352.0
Toyota,FOCUS,0.0,2.8,32291.0,DIEsel,AutOMATIc,5772.0
BMW,320i,2024.0,3.7,76770.0,Diesel,Automatic,64681.0
Mercedes_,corOLla,2018.0,2.8,41043.0,Electric,Manual_,19836.0
Mercedes-,C-Class,2015.0,2.0,-54448.0,Electric.,Automatic,17862.0
tOyota,320i,2006.0,1.7,7102.0,Hybrid_,Manual,64760.0
Toyota>,Civic,2017.0,2.8,0.0,Diesel,Manual,31669.0
BMW,Corolla,2019.0,10.018669097168686,255073.0,Petrol,Automatic,40500.0
hoNDa,C-Class_,2002.0,16.610600573675725,27295.0,Diesel,Manual,3468.0
BMW,Focus,2016.0,4.4,251008.0,Hybrid,Automatic,25626.0
Honda,C-Class ,2014.0,4.5,194335.0,Diesel,Automatic,42059.0
Toyota,Civic,2008.0,4.6,217854.0,Petrol,Manual,19380.0
foRd,Focus,2017.0,2.0,289145.0,Diesel,Manual_,24498.0
BMW,Corolla,2009.0,3.9,163870.89726938843,Petrol,Automatic,24378.0
fORd,C-Class,2000.0,1.3,143560.0,Electric,Automatic,37438.0
Honda,320i,2009.0,4.0,88260.0,Hybrid,Automatic,14328.0
BMW.,Civic.,2006.0,3.7,299225.0,Petrol,Automatic,70840.0
Ford,C-Class,2020.0,2.6,134801.0,Electric,AuTOMATic,32085.0
FOrd,320i,2009.0,3.1,47996.0,Hybrid,Automatic,10038.0
BMW_,C-Class,2011.0,2.9,180145.0,ElectRIc,Manual,55974.0
foRd,Civic,9130.411479607668,2.5,93279.0,Diesel,Manual,34195.0
BMW,c-clasS,2003.0,4.1,102061.0,PetROl,auToMatiC,26225.0
Ford,Focus,2025.0,4.8,59459.0,Petrol-,Manual,32761.0
Toyota,Focus,2008.0,12.81927040498101,13831.0,Hybrid,AUtOmaTic,58869.0
BMW,320I,2011.0,3.1,251580.0,Diesel,Automatic,42982.0
Toyota,Focus.,2025.0,3.9,119513.0,Electric,Manual,42441.0
Mercedes,Corolla,2017.0,3.4,71407.0,ELEctriC,Manual,3889.0
Toyota,Corolla,2023.0,5.0,93798.0,ELeCTriC,Automatic,14339.0
Ford,C-Class-,2024.0,3.9,272221.0,HYbRid,Manual,73339.0
Honda,Corolla,2021.0,2.8,130088.0,Electric,Manual,15091.0
Toyota,Corolla,2002.0,4.3,218862.0,Petrol,Manual,0.0
Toyota,CivIc,2004.0,1.2,7771.0,DIeSeL,Automatic,40035.0
Toyota ,Civic,2015.0,4.2,279189.0,Diesel,Automatic,37186.0
Honda,Corolla,2022.0,4.3,148295.0,Petrol,Automatic,24045.0
Honda,Civic,1997.0,3.9,103330.0,Petrol,Manual,40866.0
Toyota,Corolla,2025.0,1.2,-263291.0,Diesel,Automatic,74449.0
Mercedes>,320i,2004.0,2.6,292081.0,Petrol.,Manual,37487.0
Honda,Civic,2008.0,4.7,129734.0,Electric,Manual,55890.982236824224
Honda,Corolla,2019.0,3.5,36127.0,Petrol,Manual,6039.0
Honda,Corolla,2005.0,2.8,230298.0,Electric,Manual,22623.0
BMW_,C-CLaSs,2022.0,4.1,235810.24511694655,Hybrid,Manual,38636.0
Toyota ,320i.,1997.0,3.7198037966029083,208655.0,Electric,Manual,34066.0
MErCeDES,320i,2015.0,4.4,105910.0,Petrol,Manual,50215.0
Honda,C-Class,1997.0,4.0,281709.0,Diesel,Automatic,2959.0
BMW,C-Class,1997.0,3.3,158462.0,Diesel,Automatic,42324.0
Ford,C-Class,2018.0,18.045762111615065,185495.0,Petrol,Manual,59569.0
Ford,Focus,2002.0,3.9,76413.0,Petrol>,Manual,55916.0
Honda,Corolla,2025.0,2.5,217085.0,HYbRid,Manual>,200029.19640566915
Mercedes,Focus,1997.0,-3.6,220767.0,Diesel,aUtomaTIC,13909.0
Mercedes,Civic,2000.0,1.6,155818.0,Hybrid,Automatic,17468.0
toYOta,c-claSS,2013.0,-2.0,146222.0,Petrol,Automatic,69469.0
Honda,Corolla,1996.0,2.9,135563.0,Electric,Manual,57810.0
Ford,Corolla,1997.0,2.1,70351.0,Electric_,AuToMatIC,10536.0
Toyota,Civic,2018.0,2.3,225318.0,Diesel_,Manual,46087.0
Mercedes,320i,2004.0,3.8,0.0,DIESeL,Manual,56595.0
Toyota,Corolla,2012.0,2.8,265926.0,Petrol,Automatic,37909.0
Ford,320i,2024.0,3.8,5761.0,DIesEL,Automatic,3057.0
Mercedes,Corolla,2010.0,4.0,65089.0,pEtroL,Manual-,77491.0
BMW,Focus.,2020.0,4.0,513911.9857601238,Electric,Automatic,39356.0
BMW,C-Class,2022.0,2.4,-105225.0,Electric,Manual,15506.0
Honda ,320i-,1995.0,14.478393574298742,137611.0,Petrol,Automatic,42491.0
Toyota,Focus-,2025.0,2.3,72209.0,Petrol,Automatic,66879.0
Mercedes,Corolla_,2025.0,2.8,101656.0,HybRId,Automatic,48078.0
Honda>,C-Class,2008.0,-2.0,67902.0,Electric,Manual,27218.0
Toyota,Focus,2016.0,2.1,135432.0,Hybrid,Manual,72667.0
ForD,C-Class,2011.0,1.1,74441.0,Electric,Manual,10513.0
MerCEDes,Corolla,6100.610712995942,1.6,26079.0,eLEcTRic,Automatic,27234.0
Toyota,Corolla,2018.0,3.1,126034.0,Electric,Automatic,63270.0
Mercedes,Focus,1999.0,1.1,295642.92159720906,Petrol,Manual,-7102.0
Toyota,Corolla,2010.0,4.5,29413.0,Electric,Manual.,43932.0
Ford,Civic,2010.0,3.3,42853.0,Diesel,Manual,42769.0
Mercedes-,C-Class,2011.0,3.9,467008.9643060636,ELEctrIC,Manual,19594.0
BMW,Corolla,2016.0,2.2,74710.0,Diesel,Automatic,41332.0
FoRD,Corolla,2016.0,3.9,119365.0,Petrol,Automatic,44570.0
Toyota,Civic,10000.029122192123,3.3,637021.9767722096,Electric,Automatic,14234.0
Mercedes,C-Class,2012.0,2.2,64041.0,HYBrId,MaNUaL,9314.0
Ford,320i,2017.0,3.9,6477.0,hyBrid,Manual>,68659.0
Toyota,Civic,1998.0,3.7,115207.0,Petrol,Automatic,25472.0
BMW,Civic,4228.348110497063,1.6,63077.0,Hybrid,Automatic,52533.0
BMW,C-Class.,1995.0,4.2,12214.0,Hybrid,Manual,11973.0
Toyota,Civic,2014.0,1.5,221717.0,Hybrid,Automatic,11253.0
BMW,C-CLaSS,2001.0,-3.4,61074.0,Hybrid,Manual,5560.0
Ford ,Civic,-2024.0,4.4,183969.0,Petrol,Manual,-28166.0
BMW,C-cLasS,-2021.0,2.0,426560.773522877,eLEctRic,Manual,43721.0
Honda.,C-Class,2018.0,1.9,239395.0,Electric,Manual,52243.0
Bmw,320i,1995.0,4.4,80698.0,Electric,Manual,43880.0
Honda-,Corolla,2017.0,3.3,82063.0,Diesel>,Automatic,37018.0
Mercedes,C-Class,2008.0,1.6,69615.0,Hybrid,Manual,25755.0
Ford,FoCUs,2017.0,1.0,198334.0,Diesel,Manual,77747.0
Mercedes-,320i-,2012.0,10.778327642101388,175452.0,Diesel,Manual,79808.0
Mercedes,320i,2018.0,3.0,220548.0,Electric,Manual,122535.33055892518
bMW,Corolla-,2006.0,4.5,203560.0,hYBrId,Manual,6618.0
BMW,Civic,2002.0,3.1,277035.0,Petrol,Automatic,24872.0
BMW,CiVIc,2018.0,2.9,149213.0,Hybrid,Automatic ,33701.0
Mercedes,C-clASS,2016.0,4.6,237475.0,Electric,Manual,64951.0
Ford,320i,2025.0,0.0,110669.0,Diesel,Manual,52099.0
Ford,C-Class,2024.0,3.6,81501.0,Electric,Automatic,52017.0
Honda,Focus,-2021.0,3.3,113413.0,Diesel,AUtoMAtIC,58725.0
TOYoTA,Civic,2023.0,3.0,209058.0,Diesel,Automatic,78426.0
Ford>,C-Class,2025.0,11.438045065562743,190167.0,Diesel ,Manual,57499.0
BMW,C-Class ,0.0,2.5,103566.0,Electric,aUTOMatIC,24710.0
Honda,320i,2016.0,4.7,132280.0,Diesel,Manual,24004.0
BMW,Focus,2014.0,11.870865256852456,261855.0,Electric,autOMaTIc,-76691.0
mercEdEs,Focus,1996.0,4.5,261331.0,PETrOL,Manual,47478.0
Mercedes,C-Class,2014.0,-2.9,148601.0,Petrol,Manual,32635.0
BMW,Focus,2009.0,2.9,234350.0,Hybrid,Manual,77281.86895459262
Ford,Focus,2025.0,2.5,30655.0,Diesel,Manual-,72419.0
Toyota_,320i,2000.0,3.7,137178.0,Hybrid,auTOMAtIc,52295.0
BMW,320i,2016.0,1.3,6602.0,Diesel,Manual,14225.0
Ford,Focus,2024.0,1.9,232170.0,elEcTric,Automatic_,76538.0
hOnDa,C-Class,2023.0,1.8,248050.0,Diesel,Automatic,34774.0
BMW.,Civic>,2019.0,5.903417450263231,88154.0,hybrId,Manual,14172.0
Honda,C-Class,2011.0,3.4,37193.0,Hybrid ,Manual,10575.0
Ford,C-Class,2023.0,3.9,36243.0,Hybrid,Manual,73010.0
Ford-,Civic,2002.0,1.5,245515.0,Diesel,Automatic-,27149.0
Ford,320I,2000.0,1.8,279874.0,PeTRoL,Manual,4128.0
Ford,C-Class,1997.0,3.0,156557.0,Petrol,autoMaTiC,32211.0
Mercedes,Focus,2006.0,3.3,111870.0,Electric,Manual,42048.0
Ford,Focus,2021.0,3.6,221742.0,Petrol,Automatic,18622.0
Mercedes-,320i,5407.926148615454,1.0,62890.0,Electric,Automatic,38758.0
Toyota.,320i,2011.0,4.0,0.0,Diesel,auTOmatic,21503.0
Mercedes>,320i,9045.005090394205,4.3,78766.0,DieSel,Automatic_,40542.0
Honda,Corolla,2025.0,4.2,153607.0,Hybrid,Automatic,2288.0
Toyota,CoRolla,1996.0,4.6,151448.0,PETROl,Automatic,51616.0
Honda,Focus.,2008.0,4.0,97830.0,Electric,Automatic,57658.0
BMW,C-Class,6327.006730135675,2.5,228426.0,Hybrid,Manual,25288.0
BMW,Corolla,2007.0,1.1,12218.0,Diesel,Manual,69159.0
Mercedes,c-ClaSs,2000.0,3.5,253110.0,DIeSel,Manual,26618.0
Honda,cIviC,2006.0,4.8,282658.0,Hybrid,Manual,37410.0
BmW,Focus,0.0,3.0,39233.0,dIESEL,Automatic.,55754.0
BMW>,Corolla,2005.0,2.1,612439.149268935,Diesel,Manual_,27076.0
BMW,Focus,2024.0,4.8,187369.0,Hybrid,Automatic,28420.0
Toyota,Civic,2016.0,4.4,0.0,Electric,Automatic,41309.0
Toyota,Civic ,2002.0,3.2,122606.0,Diesel,mAnUal,69815.0
Ford,Focus.,0.0,1.3,240585.0,Hybrid,Automatic,72621.0
Honda,Corolla,2012.0,4.2,110342.0,pETRol,mANUAL,32156.0
BMW,Focus,2022.0,2.8,149501.0,hYbrID,Automatic ,33212.0
Honda-,C-Class_,2019.0,3.1,254998.0,Diesel,Automatic,35731.0
Ford,C-Class,2022.0,2.0,209784.0,Diesel,Automatic,29353.0
Mercedes,C-Class,1998.0,4.2,146368.0,Diesel,Automatic,63949.0
Ford,C-Class,2004.0,1.7,89126.0,Hybrid,Automatic,50618.0
BMW.,C-Class,2004.0,4.7,256841.0,Diesel,Manual,15438.0
Mercedes,Civic,2010.0,4.4,120639.0,pEtrol,Automatic,71050.0
Mercedes,Corolla,2004.0,1.9,234705.0,Diesel.,Manual,51971.0
Ford-,cOROLla,2003.0,3.9,74985.0,Petrol,Manual,59170.0
BMW,320i,2001.0,1.7,13989.0,Petrol,Automatic,35344.0
Mercedes.,Focus,1995.0,4.9,127904.0,Hybrid,Automatic,-6886.0
Ford,Civic,2018.0,2.1,259752.0,Electric,Manual,68549.0
forD,Civic,5687.961434024911,2.1,206631.0,Electric,Automatic,58971.0
BMW,Focus,2013.0,4.0,119752.0,PeTRoL,Manual,49444.0
Ford,Focus,2007.0,3.9,294274.0,Hybrid,Manual,39744.0
Ford,C-Class.,0.0,20.58967533012371,272228.0,Hybrid,Manual,25033.0
Ford,Civic,2024.0,4.6,80860.0,Hybrid,aUToMAtIc,39260.0
Honda,Civic,2004.0,1.5,62579.0,Electric,Manual,34648.0
Toyota,Focus ,2024.0,2.2,145339.0,Electric,Automatic,-75665.0
Honda,Focus.,2024.0,1.8,199423.0,Hybrid,Manual,25146.0
Ford,Corolla.,2025.0,2.0,278693.0,ElectRIc,Manual.,52294.0
ToYoTa,C-Class,2015.0,8.373169329385526,138594.0,Hybrid ,Automatic,19504.0
Mercedes,320i,2011.0,2.9,56817.0,Electric,Automatic,74677.0
Honda,C-Class_,2021.0,1.4,0.0,Electric,Automatic,45223.0
Honda,Civic ,2023.0,4.5,275784.0,Hybrid,ManUAl,47026.0
Honda-,Corolla,1996.0,1.2,167643.0,HybRID,Manual>,4729.0
BMW,Focus,2024.0,4.2,216662.0,Diesel_,Automatic,60951.0
FOrD,320i,2009.0,1.3,52544.28260412859,Hybrid,Automatic,37256.0
Mercedes,Civic,4740.576190455052,2.9,38013.0,Diesel,Manual,28765.0
Mercedes,320i,0.0,2.8,0.0,Electric,Automatic,46567.0
MERCedeS,c-claSS,8395.491788795287,10.074601185321935,131471.0,Hybrid,Manual,4845.0
Ford,Corolla,2010.0,0.0,153275.0,Electric,Automatic,77709.0
Toyota,C-Class,1996.0,3.4,137172.0,HYbRId,Manual,47533.0
Honda,Focus,2006.0,3.4,133080.0,Electric,Manual,23376.0
FOrd,Corolla,1995.0,2.2,296482.0,Electric,Automatic,75327.0
Honda,C-Class ,2014.0,1.0,282830.0,Electric,Automatic,70558.0
Ford_,320i,2009.0,2.7,100917.0,Petrol,Manual,50918.0
Honda,Corolla,2005.0,4.6,265590.0,ELEcTrIc,Automatic,-37648.0
Ford,Corolla,2004.0,3.9,281995.0,Diesel,Manual,64862.0
ToYoTA,fOCuS,2006.0,2.8,6767.0,Hybrid,Automatic,3082.0
Mercedes.,Focus,1998.0,3.6,83169.0,Diesel,Manual-,34602.0
Honda,320i,1995.0,3.4,15260.0,Petrol,Manual,76621.0
Ford,320i,2006.0,3.5,176639.0,Diesel,Manual,57957.0
Toyota,Corolla,2023.0,4.0,295388.0,Hybrid,Automatic,57305.0
Toyota,civIc,2018.0,5.0,225057.0,Hybrid,Automatic,39143.0
Mercedes,C-Class,2000.0,2.0,183937.0,HyBRiD,Manual,44828.0
Ford,CORolLa,-2007.0,2.6,5765.0,Petrol,Manual,29463.0
hoNDa,320i>,7677.191562180849,2.1,257192.0,Petrol,Manual,44299.0
BMW,Corolla,1995.0,3.5,106407.0,Hybrid,Manual,14599.0
ToyOTA,FOCuS,1998.0,8.093432304759075,103236.0,Hybrid,MAnUal,63646.0
Toyota,C-Class,2008.0,2.9,61867.0,Petrol,Manual,138016.68795592693
Mercedes,Corolla,2010.0,2.1,165609.0,Hybrid,manUaL,45009.0
Ford,FocUs,-2001.0,3.6,227743.0,Diesel_,Manual-,7872.0
BMW,C-Class,1997.0,2.1,377731.3713316314,Electric,Manual,35897.0
BMW,C-Class,2011.0,3.1,147575.0,dIesEl,Manual,-62018.0
BMW.,Civic,2011.0,2.4,109578.0,Hybrid>,Manual,18331.0
Ford,Focus,2023.0,14.072435860177228,-215739.0,Hybrid,Automatic,74017.0
Honda,C-Class,1999.0,3.0,192111.0,Electric,Manual,70555.0
Toyota,Civic-,2008.0,3.5,55378.0,elEcTrIC,Manual,28399.0
Ford,Civic,1998.0,1.4,204188.0,hybrid,AuTOMAtiC,2593.0
BMW,Corolla,2024.0,4.0,252387.0,Electric.,Automatic,6932.0
Toyota,320I,2010.0,1.7,107901.0,Diesel,Manual ,79583.0
Toyota-,320i.,1995.0,1.0,133389.0,Petrol,Manual,79162.0
BMW_,C-Class,1999.0,4.6,175244.0,Diesel,Automatic,46593.0
BMW ,C-Class,2019.0,3.0,29014.0,Petrol,Automatic,37909.0
Toyota-,C-Class ,2016.0,3.0,181238.0,Electric,Automatic,19874.0
Mercedes,Corolla,2003.0,1.7,192108.0,Hybrid,Automatic,74152.0
TOyota,Civic,2002.0,4.0,252140.0,Diesel,Manual,68670.0
Honda,320i>,2010.0,3.7,131441.0,Diesel>,ManUaL,61680.0
Honda,Focus,2007.0,0.0,-284176.0,Hybrid,Manual,29822.0
MErcedEs,320i,2006.0,4.4,179812.0,petRoL,Automatic,38014.0
Ford_,Civic,2004.0,0.0,263552.0,Hybrid,Manual,39329.0
Toyota,Civic,2006.0,3.7,124316.0,Diesel,Manual,54686.0
Honda,Focus,2008.0,4.3,230875.0,Electric,Automatic,51452.0
Toyota>,Corolla,2023.0,1.8,299878.0,Petrol,Manual,69678.0
Mercedes,320i,2000.0,1.4,13614.0,Hybrid,Manual>,58837.0
BMW,C-Class,2012.0,1.9,44986.0,Petrol,Automatic,58321.0
Mercedes,Corolla ,2020.0,2.2,59102.0,hYbrid,Automatic,60978.0
Mercedes,C-Class,2003.0,2.2,76825.0,Diesel,Automatic,79207.0
Mercedes,320i,1998.0,4.1,126270.0,Diesel,Automatic,72633.0
Honda,Focus,2009.0,2.9,220343.0,Diesel,Automatic,77941.0
Mercedes,Corolla,4762.530937938746,3.7,28004.0,ELeCtriC,Automatic,0.0
BMW,320i,2021.0,4.7,112457.0,Petrol,Automatic,61897.0
BMW,C-Class,2009.0,1.8,249885.0,Hybrid,Manual,4149.0
BMW,320i.,6588.519186851298,3.7,221195.0,Hybrid,Manual,55553.0
fORd,Civic,1999.0,2.3,285483.0,Hybrid,Automatic ,15958.0
Mercedes,Civic,2006.0,1.8,43065.0,Diesel,Automatic,61975.0
BMW,320i,2018.0,5.667953091707296,58799.0,Petrol,Automatic,4916.0
Ford,C-Class,2008.0,1.7,292607.0,Electric,Automatic,0.0
Mercedes,Civic,1995.0,1.6,236358.0,elECTriC,Automatic,78577.0
Mercedes,320I,2006.0,-3.7,76157.0,Diesel,Manual,8748.0
Toyota.,320i,2023.0,2.3,120727.0,ElEcTric,Manual_,13141.0
Mercedes,C-Class-,2022.0,3.1,117477.0,Diesel,Manual,99366.5285210956
Toyota,Civic,0.0,2.9,119541.0,Petrol,Manual,59712.0
Honda_,C-Class,2001.0,3.4,199446.0,Petrol,manUal,-12752.0
Honda,C-Class,1998.0,2.7,55780.0,Petrol,Automatic,12589.0
Ford,C-Class ,2001.0,3.9,24197.0,Petrol>,Automatic,5449.0
Toyota,Civic,2004.0,1.9,139457.0,Electric,Automatic,30166.0
Honda,Civic,1996.0,2.1,11133.0,Hybrid,Manual,70629.0
hONda,Corolla,1999.0,4.7,219506.0,Diesel,Automatic,36171.0
Honda,Focus,7584.743677459737,4.3,68060.0,Diesel,Automatic,60724.0
Mercedes,320i,2008.0,2.5,0.0,Petrol,Automatic,15451.0
Toyota,Focus,2018.0,2.2,240844.0,Petrol,Automatic,46134.0
Honda,C-Class,2005.0,3.9,114620.0,Hybrid,Automatic_,53404.0
Toyota,Corolla_,2023.0,12.73428977631146,0.0,Electric,Manual,64971.0
BMW,Corolla,7091.853718139545,2.3,183684.0,Petrol,Manual,48988.0
BMW,320i ,2000.0,2.2,129103.0,Hybrid,Automatic_,196803.44153655067
Mercedes,320i,2016.0,3.3,67274.0,HYBRID,Manual,58640.0
BMW,Focus.,2001.0,4.1,54026.0,DieseL,Manual,44702.0
Ford,Focus,9791.194903573776,1.0,136238.0,Diesel,Automatic,2006.0
Toyota,Civic,2010.0,4.8,286485.0,Hybrid ,Automatic,46394.0
Honda,Focus,2025.0,1.2,131463.0,Hybrid,Manual-,12036.0
Ford,FOCuS,2016.0,2.6,28158.0,Diesel,Automatic,73148.0
Ford,C-Class.,2003.0,3.6,254567.0,Electric,Automatic.,68215.0
BMW,Corolla,1998.0,1.6,0.0,Electric,Automatic,57361.0
Toyota,Focus ,2008.0,2.8,288679.0,Hybrid,Manual,4621.0
Honda,Civic,2010.0,2.1,92575.0,Hybrid,Manual ,14572.0
Ford,FOCus,2012.0,0.0,8332.0,Electric>,Automatic-,52378.0
Mercedes>,C-Class,2010.0,1.8,-261664.0,Petrol,Manual,66408.0
Honda.,320i,2020.0,3.6,118434.0,Petrol,Automatic,40342.0
BmW,C-Class,2016.0,2.0,220906.0,Electric>,Manual,36178.0
Toyota,Civic,9423.289477009399,4.3,178405.0,Diesel,Automatic,75790.0
Mercedes,320i,1999.0,1.1,57477.0,Diesel>,Automatic,25684.0
Honda,Corolla ,2005.0,2.7,51509.0,Petrol,Manual,28792.0
Honda,Civic,2019.0,2.5,269084.0,elECtRic,Automatic,39235.0
Ford,Civic,2019.0,3.2,125234.0,Hybrid,Manual,29195.0
Honda,Focus,2019.0,4.0,722138.6737780297,Diesel>,Automatic,50226.0
Toyota,civiC,2023.0,4.2,5048.0,Diesel,Automatic,59008.0
tOYotA,corOLlA,2007.0,3.5,228926.0,Electric,Manual,256092.95295721092
Honda,cORolLa,2011.0,2.8,187954.0,Electric,Automatic,171765.43766720753
ford,Corolla,2018.0,2.1,192118.0,Electric,AUtOMaTic,44947.0
merCEdes,Civic,2024.0,1.3,242164.0,Diesel,Manual,4444.0
Mercedes ,C-Class,2018.0,1.6,296654.0,Electric,Manual,38469.0
Ford,Civic_,2021.0,3.9,91137.0,Electric,Manual,44494.0
BMW,Focus,2021.0,4.8,-19103.0,HyBRID,Automatic,4180.0
Toyota,Corolla,2007.0,3.4,56123.0,Electric,MaNUAl,45925.0
BMW,Focus-,1999.0,4.8,16199.0,Diesel_,Automatic-,55603.0
Ford,Corolla,1998.0,4.8,149314.0,Diesel,Automatic,55546.0
BMw,FoCus,2025.0,4.1,105948.0,Electric,Manual,77577.0
Ford,320i,-1998.0,2.6,95213.0,Petrol.,Manual,32058.0
Mercedes-,320i,2020.0,4.8,87289.0,Petrol,Automatic,65500.0
MeRcEdes,Corolla_,1995.0,3.8,437549.1675931975,Hybrid,Manual,46978.0
BMW>,Focus_,1999.0,2.0,28700.0,Petrol,Manual,42745.0
BMW,Civic,-1999.0,4.9,99052.0,Petrol,Manual,7971.0
Toyota,C-Class,2006.0,3.3,107684.0,hybRID,Automatic,87022.59909827508
Mercedes,cIViC,2011.0,1.2,114613.0,Diesel,Manual,36641.0
Toyota,CIvIC,1995.0,1.2,108622.0,Electric,Manual,25323.0
BMW,C-Class,2019.0,2.4,328381.9818722325,Petrol,Automatic,75530.0
FORD,C-Class,2016.0,3.2,159664.0,Petrol,Automatic,58968.0
Mercedes,FOcUs,2002.0,2.8,246620.0,HYBRid,Manual,11450.0
Ford,C-Class,1996.0,2.1,37125.0,Hybrid,Automatic,63817.0
Toyota,320i,2016.0,2.9,240650.0,Petrol,Automatic,72393.0
Toyota>,C-Class,2021.0,4.5,123292.0,Petrol,Manual,79047.0
Honda,Civic,8148.20968275807,1.3,75524.0,Petrol,Automatic,23996.0
Mercedes,Corolla.,2008.0,12.577242902936566,21510.0,DiESEL,Automatic,45402.0
Mercedes,320i,2014.0,3.9,66801.0,Electric,maNual,60419.0
Toyota,C-Class,2018.0,4.3,112040.0,DiesEL,Automatic,18301.0
Ford,C-Class,1995.0,4.5,722305.2951155527,Diesel,Manual,-41408.0
Mercedes,Corolla,2008.0,3.4,162073.0,Petrol,Manual,6363.0
Toyota,Focus,2010.0,3.3,231399.0,Hybrid,Automatic,-19046.0
Honda_,Civic,2004.0,3.2,85703.0,Diesel,Automatic,45311.0
BMW-,Corolla,2004.0,2.8,38170.0,Hybrid>,Manual,9300.0
Mercedes-,Focus,2010.0,2.3,88397.0,Electric,Manual,33551.0
BMW,Civic,1997.0,3.2,253370.0,Diesel,Manual,257661.3256942455
Ford,C-Class,2019.0,3.6,203226.0,pETRoL,Automatic,44431.0
Honda,Focus>,2008.0,3.2,0.0,Electric,Automatic,-66291.0
Mercedes,Corolla,2002.0,4.3,94849.0,Petrol,Automatic,0.0
BMW.,320i,2014.0,3.8,201364.0,Hybrid,Automatic,24600.0
BMW,CorOLLA,1999.0,1.6,23417.0,DieseL,Manual,51334.0
Toyota>,Corolla,2018.0,12.35255248930369,284461.0,Petrol-,Automatic,41433.0
BMW,320i,2011.0,4.5,96800.0,Diesel,Automatic,69392.0
Ford_,Focus,0.0,3.8,225387.0,ElEcTRic,Automatic,11351.0
BMW,Focus,2002.0,4.0,61898.0,Petrol,Manual,55906.0
Ford,corOLlA,2003.0,4.8,49473.0,Electric>,Manual,34685.0
Ford_,Corolla,2019.0,2.4,87593.0,Diesel,Automatic,230653.1611188566
Toyota,Focus,1998.0,4.1,116036.0,Petrol,Automatic,39686.0
Honda,320i,2022.0,4.0,43384.0,Diesel,Manual,77100.0
FORD,Civic,2003.0,1.9,85603.0,Petrol,Automatic,34046.0
BMW_,320i,2017.0,2.3,222607.0,Diesel,Automatic,55373.0
BMW,C-cLAss,2002.0,1.9,61853.0,Electric,Manual,75306.0
Ford,Corolla,2016.0,2.4,232865.0,Hybrid,Manual,8785.0
BMW,Focus,2021.0,1.8,125196.0,HYbRiD,Automatic,52510.0
Mercedes,320i,2008.0,4.9,92130.0,Diesel,Automatic,27672.0
toYotA,C-cLaSS,2001.0,2.0,144534.0,Electric.,Automatic,44346.0
BmW,C-Class,8375.039187277403,3.4,-277767.0,Diesel,autoMaTIc,69128.0
Toyota,COROLLA,2017.0,4.7,295978.0,Petrol,Manual,47979.0
Ford,Civic,2020.0,1.6,283326.0,Diesel,Automatic,-30932.0
Ford,Civic,2020.0,3.6,178040.0,Electric,Automatic,4483.0
Ford,C-Class ,1998.0,2.7,242531.0,Diesel,Automatic,13086.0
Toyota,320i,2017.0,4.2,87521.0,Hybrid,Manual,4848.0
BMW,C-Class_,2018.0,4.2,284365.0,Diesel ,Manual,12415.0
MeRCEDeS,Corolla,2011.0,4.3,118029.0,Hybrid,Manual,20520.0
Toyota.,Corolla,2014.0,1.2,240436.0,Hybrid,Automatic,59576.0
Mercedes,Civic,2000.0,5.0,227762.0,Diesel,AutOmATic,73994.0
BMW,C-Class,2001.0,2.5,453618.3743230457,dIESEl,Automatic,77773.0
BMW,Focus,-2022.0,3.3,238347.0,Diesel,aUtOMAtiC,51462.0
Toyota,foCuS,2013.0,5.0,151368.0,Diesel,Automatic,45707.0
Honda,320i_,2015.0,4.8,170533.0,Diesel,Manual,13017.0
Mercedes,320I,0.0,4.5,141434.0,Electric,Automatic,29314.0
Ford,Civic-,1999.0,2.3,117274.0,Diesel,Automatic,2201.0
Mercedes,Corolla,2002.0,3.2,15500.0,Diesel,Manual,40528.0
BMW,Focus,1998.0,2.1,107901.0,Diesel,Manual,-68022.0
BMW,Focus,1999.0,2.3,217764.0,Petrol,Manual,50348.0
Toyota,Focus,2007.0,1.3,159945.0,Hybrid,Automatic,21323.0
Honda>,Focus-,1996.0,1.3,201883.0,HYBriD,Automatic,244287.43203618287
Ford,Civic,2003.0,-1.4,285728.0,elecTriC,ManUaL,62249.0
Mercedes,C-Class,2001.0,3.2,248724.0,Diesel,Automatic,47911.0
Honda,Focus,-2024.0,5.200957353783946,52723.0,Hybrid,Manual,70705.0
Ford,Corolla,1999.0,5.294200875431722,65475.0,Diesel,Manual,51289.0
BMW,Focus,2008.0,3.1,71468.0,Diesel,Manual,64239.0
BmW,320i,1995.0,4.4,33202.0,DIeseL,Manual ,0.0
Toyota.,Corolla,2014.0,3.3,125448.0,Electric,Manual,30342.0
Toyota,C-CLasS,2001.0,2.9,284730.0,Electric,Manual,197375.26719831594
Mercedes,Focus,1997.0,3.6,64330.0,Petrol,Automatic,44932.0
Honda,Civic,2022.0,1.8,298635.0,Hybrid,Automatic,56388.0
Honda,Civic,1996.0,4.087631929083393,256302.0,Petrol,Automatic,86490.29967429258
Ford,FocUS,2007.0,-3.7,211887.0,Electric,Manual,8764.0
mErCedES,320i,2008.0,4.3,75893.0,Electric,Manual,27467.0
Toyota,Civic.,2011.0,2.9,32699.0,Petrol,Manual,57372.0
MERceDEs,Corolla,2004.0,4.6,276557.0,Petrol,MANUaL,30263.0
BMW ,320i>,2017.0,5.0,99263.0,eLECtrIc,Automatic,35256.0
Toyota,C-claSS,2015.0,1.6,287604.0,Petrol,maNuaL,41851.0
Honda,C-Class,8635.861987174198,2.3,126530.0,Diesel>,Manual,38865.0
Toyota,CIvIC,2002.0,1.7,71284.0,Electric>,Manual,29693.0
bMw,320i,2005.0,3.3,131082.0,Electric,Automatic,35838.0
Toyota,Civic,2008.0,2.8,31611.0,Petrol,Automatic,130584.19445580081
Honda,c-CLAsS,2010.0,4.1,271556.0,Diesel,Automatic,-68672.0
BMW,cIVic,1996.0,4.0,290039.0,Diesel,Manual,51482.0
Ford,320I,2011.0,4.8,43887.0,Electric,Manual,34060.0
meRcedes,Focus,2008.0,4.6,131612.0,Petrol,Manual,32491.0
Ford,C-Class,2015.0,2.6,287592.0,Petrol,Automatic-,15756.0
BMW ,Focus,1996.0,2.2,294552.0,PetROL,Manual,72414.0
BMw,320i-,2004.0,3.5,48813.0,Electric-,Manual,31854.720853143797
BMW,C-Class,1998.0,2.6,-182792.0,PeTRoL,Automatic,21731.0
Honda,Civic,0.0,1.0,280290.0,Diesel,Automatic,27713.0
BMW,Civic,2006.0,2.3,286839.0,Electric,Automatic,68774.61913184932
meRCeDES,civIc,2003.0,1.6,201797.36734172903,Petrol,Manual,183512.1951462789
Honda>,C-Class_,2025.0,20.091376738754573,141135.0,Hybrid,Automatic,59638.0
BMW,C-Class,2006.0,3.3,141912.0,dIesEl,Manual,57270.0
Honda,Civic,2017.0,-4.1,-179103.0,Diesel,Automatic-,13636.0
mERcedES,cIvIc,2008.0,3.1,640933.3850999355,Petrol,Automatic,64492.0
Mercedes,Focus,2002.0,3.6,76397.0,Electric,Manual,8267.0
Honda,C-Class,2005.0,1.8,205774.7025552648,Electric_,Manual,60784.0
Toyota_,Civic,7201.509902667364,4.3,28078.0,Hybrid,Manual,30814.0
FOrD,320i,1996.0,4.7,229248.0,Hybrid,auTOmAtIc,18257.0
BMW,Civic,2000.0,4.6,262167.0,Electric,MaNUaL,60523.0
Ford,C-Class,1996.0,3.9,112636.0,Electric,Manual,41512.0
Mercedes,Civic,1995.0,0.0,78249.0,Diesel,Manual,38692.0
Ford ,Focus,1996.0,1.8,120609.0,Hybrid_,Manual,48835.0
Toyota-,Corolla,4743.143665863419,1.6,51862.0,ELectrIC,Manual,62422.0
